web-scraper-order,web-scraper-start-url,product,product-href,name,price,reviews_product,reviews_shop,shop_star_rating
"1703616293-1","https://www.etsy.com/c/art-and-collectibles?ref=catnav-66","My Home is the Sea . giclee art print
            
                
                        


                
    
    
    

        

                
                    (9,854)
                
                

                
                        


                
                    $35.00
                

                        
                        
                            
                        
                    
              a d vertisement b y Etsy seller
              Advertisement from Etsy seller
              ClareElsaesser
              From shop ClareElsaesser
        
            
    
            
    FREE shipping

    

            
                
            
            
            
    Etsy’s Pick","https://www.etsy.com/listing/72926830/my-home-is-the-sea-giclee-art-print?click_key=0e0fe8e37f7bdf08be23b80f76032a15ed7d31bb%3A72926830&click_sum=c0f014a0&ga_order=most_relevant&ga_search_type=all&ga_view_type=gallery&ga_search_query=&ref=search_grid-862547-1-48&frs=1&etp=1","My Home is the Sea . giclee art print","Price:
        $35.00+","107","9,854","5 out of 5 stars"
"1703616296-2","https://www.etsy.com/c/art-and-collectibles?ref=catnav-66","Giclée art print of Abstract painting signed by artist, pink, abstract prints, cloud landscape print, Wall Art prints, art gift, artwork,
            
                
                        


                
    
    
    

        

                
                    (1,050)
                
                
        
  

    Star Seller


                
                        


                    
                        
                            Sale Price $48.45
                        
                        
                            
                                $48.45
                        
                        
                            $57.00
                            
                                Original Price $57.00
                            
                            
                                
                                (15% off)
                                
                            
                        


                        
                        
                            
                        
                    
              a d vertisement b y Etsy seller
              Advertisement from Etsy seller
              yangprints
              From shop yangprints
        
            
    
            
    FREE shipping","https://www.etsy.com/listing/157475413/giclee-art-print-of-abstract-painting?click_key=1bb55be17d061fac64c3c3aaf0caaf86194299a5%3A157475413&click_sum=fa625cf7&ga_order=most_relevant&ga_search_type=all&ga_view_type=gallery&ga_search_query=&ref=search_grid-862547-1-47&pro=1&frs=1&sts=1","Giclée art print of Abstract painting signed by artist, pink, abstract prints, cloud landscape print, Wall Art prints, art gift, artwork,","Price:
        $48.45+","48","1,050","5 out of 5 stars"
"1703616298-3","https://www.etsy.com/c/art-and-collectibles?ref=catnav-66","Trout Watercolor Art Print. Blue & Green Watercolor Fish Art Painting. Pond Life Nature Decor. Fisherman Dad Wall Art. Trout Illustration.
            
                
                        


                
    
    
    

        

                
                    (2,781)
                
                

                
                        


                
                    $18.00
                

                        
                        
                            
                        
                    
              a d vertisement b y Etsy seller
              Advertisement from Etsy seller
              SnoogsAndWilde
              From shop SnoogsAndWilde
        
            
    
            
    FREE shipping

    

            
                
            
            
            
    Etsy’s Pick","https://www.etsy.com/listing/126166579/trout-watercolor-art-print-blue-green?click_key=26c05bf10091b7d2a303b63a09334db0522056be%3A126166579&click_sum=31e02e10&ga_order=most_relevant&ga_search_type=all&ga_view_type=gallery&ga_search_query=&ref=search_grid-862547-1-46&frs=1&etp=1","Trout Watercolor Art Print. Blue & Green Watercolor Fish Art Painting. Pond Life Nature Decor. Fisherman Dad Wall Art. Trout Illustration.","Price:
        $18.00+","17","2,781","5 out of 5 stars"
"1703616302-4","https://www.etsy.com/c/art-and-collectibles?ref=catnav-66","Tree rings Print, Three Panel Wall Art, Woodcut print, Lumber, Tree of Life, Sacred Geometry, Live Edge, Shabby Tree, Each 24x36 inches
            
                
                        


                
    
    
    

        

                
                    (2,917)
                
                

                
                        


                    
                        
                            Sale Price $209.60
                        
                        
                            
                                $209.60
                        
                        
                            $262.00
                            
                                Original Price $262.00
                            
                            
                                
                                (20% off)
                                
                            
                        


                        
                        
                            
                        
                    
              a d vertisement b y Etsy seller
              Advertisement from Etsy seller
              LintonArt
              From shop LintonArt
        
            
    
            
    FREE shipping","https://www.etsy.com/listing/536496958/tree-rings-print-three-panel-wall-art?click_key=b74247c6253eea2a8493eabc49b93193c8880814%3A536496958&click_sum=6e89aca1&ga_order=most_relevant&ga_search_type=all&ga_view_type=gallery&ga_search_query=&ref=search_grid-862547-1-45&pro=1&frs=1","Tree rings Print, Three Panel Wall Art, Woodcut print, Lumber, Tree of Life, Sacred Geometry, Live Edge, Shabby Tree, Each 24x36 inches","Price:
        $209.60","240","2,917","5 out of 5 stars"
"1703616305-5","https://www.etsy.com/c/art-and-collectibles?ref=catnav-66","Christmas pysanka Goose egg, Ukrainian Easter pysanky eggs hand painted egg ornament on real goose eggshell, batik art egg Easter gift mom
            
                
                        


                
    
    
    

        

                
                    (2,677)
                
                
        
  

    Star Seller


                
                        


                
                    $150.00
                

                        
                        
                            
                        
                    
              a d vertisement b y Etsy seller
              Advertisement from Etsy seller
              UkrainianEasterEggs
              From shop UkrainianEasterEggs
        
            
            
                
            
            
            
    Etsy’s Pick","https://www.etsy.com/listing/76168579/christmas-pysanka-goose-egg-ukrainian?click_key=3a5ea289d4a979c716dec63377ca04682dc0a08f%3A76168579&click_sum=684292fc&ga_order=most_relevant&ga_search_type=all&ga_view_type=gallery&ga_search_query=&ref=search_grid-862547-1-44&etp=1&sts=1","Christmas pysanka Goose egg, Ukrainian Easter pysanky eggs hand painted egg ornament on real goose eggshell, batik art egg Easter gift mom","Price:
        $150.00+","","","5 out of 5 stars"
"1703616308-6","https://www.etsy.com/c/art-and-collectibles?ref=catnav-66","Saddle Leaf Philodendron Print -  Watercolor Leaf Archival Print - Archival Paper or Canvas
            
                
                        


                
    
    
    

        

                
                    (1,062)
                
                

                
                        


                
                    $16.00
                

                        
                        
                            
                        
                    
              a d vertisement b y Etsy seller
              Advertisement from Etsy seller
              LunaReef
              From shop LunaReef
        
            
            
                
            
            
            
    Etsy’s Pick","https://www.etsy.com/listing/265135995/saddle-leaf-philodendron-print?click_key=ce7d82203f01fd6fa23d9a177a64cced1d965d44%3A265135995&click_sum=181ad02a&ga_order=most_relevant&ga_search_type=all&ga_view_type=gallery&ga_search_query=&ref=search_grid-862547-1-43&etp=1","Saddle Leaf Philodendron Print -  Watercolor Leaf Archival Print - Archival Paper or Canvas","Price:
        $16.00+","","","4.5 out of 5 stars"
"1703616311-7","https://www.etsy.com/c/art-and-collectibles?ref=catnav-66","Charcoal Portrait Charcoal sketch from Photo Fine Art CUSTOM Portrait Personalized portrait Art From Picture Photo Drawing
            
                
                        


                
    
    
    

        

                
                    (315)
                
                
        
  

    Star Seller


                
                        


                    
                        
                            Sale Price $73.31
                        
                        
                            
                                $73.31
                        
                        
                            $97.75
                            
                                Original Price $97.75
                            
                            
                                
                                (25% off)
                                
                            
                        


                        
                        
                            
                        
                    
              a d vertisement b y Etsy seller
              Advertisement from Etsy seller
              OliFineArt
              From shop OliFineArt
        
            
    
            
    FREE shipping","https://www.etsy.com/listing/226593553/charcoal-portrait-charcoal-sketch-from?click_key=de0cb362e1d022e7c651bea1326c87811b5cfb23%3A226593553&click_sum=3fde9b5d&ga_order=most_relevant&ga_search_type=all&ga_view_type=gallery&ga_search_query=&ref=search_grid-862547-1-42&pro=1&frs=1&sts=1","Charcoal Portrait Charcoal sketch from Photo Fine Art CUSTOM Portrait Personalized portrait Art From Picture Photo Drawing","Price:
        $73.31+","41","315","5 out of 5 stars"
"1703616314-8","https://www.etsy.com/c/art-and-collectibles?ref=catnav-66","Utah, Albion Basin, 100 year old tree, Tree ring art print, Old Growth, Handmade print, 100 year old pine, woodcut print
            
                
                        


                
    
    
    

        

                
                    (2,917)
                
                

                
                        


                    
                        
                            Sale Price $48.00
                        
                        
                            
                                $48.00
                        
                        
                            $60.00
                            
                                Original Price $60.00
                            
                            
                                
                                (20% off)
                                
                            
                        


                        
                        
                            
                        
                    
              a d vertisement b y Etsy seller
              Advertisement from Etsy seller
              LintonArt
              From shop LintonArt
        
            
    
            
    FREE shipping","https://www.etsy.com/listing/160165990/utah-albion-basin-100-year-old-tree-tree?click_key=e07a7540c059696a0bfea15b6fd2e54a13615023%3A160165990&click_sum=19ae7199&ga_order=most_relevant&ga_search_type=all&ga_view_type=gallery&ga_search_query=&ref=search_grid-862547-1-41&pro=1&frs=1","Utah, Albion Basin, 100 year old tree, Tree ring art print, Old Growth, Handmade print, 100 year old pine, woodcut print","Price:
        $48.00","157","2,917","5 out of 5 stars"
"1703616317-9","https://www.etsy.com/c/art-and-collectibles?ref=catnav-66","Married to the Sea . giclee art print available in all sizes
            
                
                        


                
    
    
    

        

                
                    (9,854)
                
                

                
                        


                
                    $35.00
                

                        
                        
                            
                        
                    
              a d vertisement b y Etsy seller
              Advertisement from Etsy seller
              ClareElsaesser
              From shop ClareElsaesser
        
            
    
            
    FREE shipping

    

            
                
            
            
            
    Etsy’s Pick","https://www.etsy.com/listing/73982301/married-to-the-sea-giclee-art-print?click_key=860d2b854081e1ead2be89f97369257c63cd177d%3A73982301&click_sum=bf9a8d47&ga_order=most_relevant&ga_search_type=all&ga_view_type=gallery&ga_search_query=&ref=search_grid-862547-1-40&frs=1&etp=1","Married to the Sea . giclee art print available in all sizes","Price:
        $35.00+","310","9,854","5 out of 5 stars"
"1703616321-10","https://www.etsy.com/c/art-and-collectibles?ref=catnav-66","Married to the Sea . giclee art print
            
                
                        


                
    
    
    

        

                
                    (9,854)
                
                

                
                        


                
                    $35.00
                

                        
                        
                            
                        
                    
              a d vertisement b y Etsy seller
              Advertisement from Etsy seller
              ClareElsaesser
              From shop ClareElsaesser
        
            
    
            
    FREE shipping

    

            
                
            
            
            
    Etsy’s Pick","https://www.etsy.com/listing/83383628/married-to-the-sea-giclee-art-print?click_key=3500751020c25287f276cd0018adcc7506f4e9d7%3A83383628&click_sum=e99d6830&ga_order=most_relevant&ga_search_type=all&ga_view_type=gallery&ga_search_query=&ref=search_grid-862547-1-39&frs=1&etp=1","Married to the Sea . giclee art print","Price:
        $35.00+","519","9,854","5 out of 5 stars"
"1703616324-11","https://www.etsy.com/c/art-and-collectibles?ref=catnav-66","Butterfly Print. Pink & Gray Watercolor Butterfly Art Print. Soft Pink Butterfly Art. Watercolor Butterfly Poster. Modern Nursery Art.
            
                
                        


                
    
    
    

        

                
                    (2,781)
                
                

                
                        


                
                    $18.00
                

                        
                        
                            
                        
                    
              a d vertisement b y Etsy seller
              Advertisement from Etsy seller
              SnoogsAndWilde
              From shop SnoogsAndWilde
        
            
    
            
    FREE shipping

    

            
                
            
            
            
    Etsy’s Pick","https://www.etsy.com/listing/111863840/butterfly-print-pink-gray-watercolor?click_key=81c14a376f43994ac4df7dfee284bdc12ca1d2be%3A111863840&click_sum=6e482a28&ga_order=most_relevant&ga_search_type=all&ga_view_type=gallery&ga_search_query=&ref=search_grid-862547-1-38&frs=1&etp=1","Butterfly Print. Pink & Gray Watercolor Butterfly Art Print. Soft Pink Butterfly Art. Watercolor Butterfly Poster. Modern Nursery Art.","Price:
        $18.00+","22","2,781","5 out of 5 stars"
"1703616327-12","https://www.etsy.com/c/art-and-collectibles?ref=catnav-66","Nursery Art Print. Pastel Watercolor Butterfly. Modern Nature Art. Girls Room Art. Mint & Pink Sophisticated Unique Modern Nursery Wall Art.
            
                
                        


                
    
    
    

        

                
                    (2,781)
                
                

                
                        


                
                    $18.00
                

                        
                        
                            
                        
                    
              a d vertisement b y Etsy seller
              Advertisement from Etsy seller
              SnoogsAndWilde
              From shop SnoogsAndWilde
        
            
    
            
    FREE shipping

    

            
                
            
            
            
    Etsy’s Pick","https://www.etsy.com/listing/155454219/nursery-art-print-pastel-watercolor?click_key=1eb98a52d698ca12bee853530449d8fadf86256d%3A155454219&click_sum=cbed5996&ga_order=most_relevant&ga_search_type=all&ga_view_type=gallery&ga_search_query=&ref=search_grid-862547-1-37&frs=1&etp=1","Nursery Art Print. Pastel Watercolor Butterfly. Modern Nature Art. Girls Room Art. Mint & Pink Sophisticated Unique Modern Nursery Wall Art.","Price:
        $18.00+","27","2,781","5 out of 5 stars"
"1703616329-13","https://www.etsy.com/c/art-and-collectibles?ref=catnav-66","pet portrait painting with owner dog and owner portrait  Gift for him pet with owner dog mom gift pet portrait water color
            
                
                        


                
    
    
    

        

                
                    (148)
                
                

                
                        


                    
                        
                            Sale Price $19.50
                        
                        
                            
                                $19.50
                        
                        
                            $39.00
                            
                                Original Price $39.00
                            
                            
                                
                                (50% off)
                                
                            
                        


                        
                        
                            
                        
                    
              a d vertisement b y NSartshow
              Advertisement from shop NSartshow
              NSartshow
              From shop NSartshow
        
            
    
            
    FREE shipping","https://www.etsy.com/listing/1371549820/pet-portrait-painting-with-owner-dog-and?click_key=8cdc6e4d54c5943abd39cdbfda26a4272ea4f882%3A1371549820&click_sum=0e4f4ff0&ga_order=most_relevant&ga_search_type=all&ga_view_type=gallery&ga_search_query=&ref=search_grid-862546-1-16&pro=1&frs=1","pet portrait painting with owner dog and owner portrait  Gift for him pet with owner dog mom gift pet portrait water color","Price:
        $19.50+","34","148","5 out of 5 stars"
"1703616332-14","https://www.etsy.com/c/art-and-collectibles?ref=catnav-66","Wedding Venue Print, Wedding Gift, 1st Wedding Anniversary Present, Venue Sketch, Painting from Photo, Personalized Drawing, Couple Gift
            
                
                        


                
    
    
    

        

                
                    (26,175)
                
                
        
  

    Star Seller


                
                        


                
                    $45.00
                

                        
                        
                            
                        
                    
              a d vertisement b y EmmaAndTheBean
              Advertisement from shop EmmaAndTheBean
              EmmaAndTheBean
              From shop EmmaAndTheBean
        
            
            
                
            
            
            
    
            
        
            Bestseller","https://www.etsy.com/listing/1434137729/wedding-venue-print-wedding-gift-1st?click_key=b4c341c8bb287797b9ff824b89e26b77f3aa4b22%3A1434137729&click_sum=32c4cf1c&ga_order=most_relevant&ga_search_type=all&ga_view_type=gallery&ga_search_query=&ref=search_grid-862546-1-15&bes=1&sts=1","Wedding Venue Print, Wedding Gift, 1st Wedding Anniversary Present, Venue Sketch, Painting from Photo, Personalized Drawing, Couple Gift","Price:
        $45.00+","86","26,175","5 out of 5 stars"
"1703616335-15","https://www.etsy.com/c/art-and-collectibles?ref=catnav-66","Add Deceased Loved One To Photo, Family Memorial Portrait, Cartoon Portrait From Photo, Loss Of Mother, Loved One Portrait, Add Someone
            
                
                        


                
    
    
    

        

                
                    (2,483)
                
                
        
  

    Star Seller


                
                        


                    
                        
                            Sale Price $16.80
                        
                        
                            
                                $16.80
                        
                        
                            $28.00
                            
                                Original Price $28.00
                            
                            
                                
                                (40% off)
                                
                            
                        


                        
                        
                            
                        
                    
              a d vertisement b y BuBuPortrait
              Advertisement from shop BuBuPortrait
              BuBuPortrait
              From shop BuBuPortrait
        
            
    
            
    FREE shipping","https://www.etsy.com/listing/1530629764/add-deceased-loved-one-to-photo-family?click_key=193908d4000af59f4cfd8a305c70c6a811a0ee40%3A1530629764&click_sum=427e92ec&ga_order=most_relevant&ga_search_type=all&ga_view_type=gallery&ga_search_query=&ref=search_grid-862546-1-14&pro=1&frs=1&sts=1","Add Deceased Loved One To Photo, Family Memorial Portrait, Cartoon Portrait From Photo, Loss Of Mother, Loved One Portrait, Add Someone","Price:
        $16.80+","38","2,483","5 out of 5 stars"
"1703616338-16","https://www.etsy.com/c/art-and-collectibles?ref=catnav-66","Hand-painted Family Portrait with faces
            
                
                        


                
    
    
    

        

                
                    (255)
                
                

                
                        


                
                    $94.00
                

                        
                        
                            
                        
                    
              a d vertisement b y BeccaAnnPriceStudio
              Advertisement from shop BeccaAnnPriceStudio
              BeccaAnnPriceStudio
              From shop BeccaAnnPriceStudio
        
            
    
            
    FREE shipping

    

            
                
            
            
            
    Etsy’s Pick","https://www.etsy.com/listing/621088660/hand-painted-family-portrait-with-faces?click_key=0b68db62106aee5eb3cc9a0cf79fe321a44b0bb6%3A621088660&click_sum=67ed25fc&ga_order=most_relevant&ga_search_type=all&ga_view_type=gallery&ga_search_query=&ref=search_grid-862546-1-13&frs=1&etp=1","Hand-painted Family Portrait with faces","Price:
        $94.00+","213","255","5 out of 5 stars"
"1703616341-17","https://www.etsy.com/c/art-and-collectibles?ref=catnav-66","Custom Family Portrait Illustration From Photo. Personalized Portrait. Large Family Illustration With Pets In Oval Frame.
            
                
                        


                
    
    
    

        

                
                    (1,003)
                
                

                
                        


                    
                        
                            Sale Price $87.40
                        
                        
                            
                                $87.40
                        
                        
                            $109.25
                            
                                Original Price $109.25
                            
                            
                                
                                (20% off)
                                
                            
                        


                        
                        
                            
                        
                    
              a d vertisement b y Etsy seller
              Advertisement from Etsy seller
              LiliDiPrima
              From shop LiliDiPrima
        
            
    
            
    FREE shipping","https://www.etsy.com/listing/188793334/custom-family-portrait-illustration-from?click_key=d2fabbf8b97ae974b06b25392f211873a227b8d6%3A188793334&click_sum=ea56b99c&ga_order=most_relevant&ga_search_type=all&ga_view_type=gallery&ga_search_query=&ref=search_grid-862547-1-36&pro=1&frs=1","Custom Family Portrait Illustration From Photo. Personalized Portrait. Large Family Illustration With Pets In Oval Frame.","Price:
        $87.40+","13","1,003","5 out of 5 stars"
"1703616345-18","https://www.etsy.com/c/art-and-collectibles?ref=catnav-66","Pressed Mimosa - SMc. Originals, watercolor painting, floral, modern, original artwork, silhouette, black and white art, deckled edge
            
                
                        


                
    
    
    

        

                
                    (300)
                
                

                
                        


                
                    $15.00
                

                        
                        
                            
                        
                    
              a d vertisement b y Etsy seller
              Advertisement from Etsy seller
              SMcOriginals
              From shop SMcOriginals
        
            
            
                
            
            
            
    Etsy’s Pick","https://www.etsy.com/listing/499244464/pressed-mimosa-smc-originals-watercolor?click_key=da047340570c546dd0d8c02c1bfef47f23c2deb9%3A499244464&click_sum=1c4ecb7a&ga_order=most_relevant&ga_search_type=all&ga_view_type=gallery&ga_search_query=&ref=search_grid-862547-1-35&etp=1","Pressed Mimosa - SMc. Originals, watercolor painting, floral, modern, original artwork, silhouette, black and white art, deckled edge","Price:
        $15.00+","36","300","5 out of 5 stars"
"1703616347-19","https://www.etsy.com/c/art-and-collectibles?ref=catnav-66","Stained Glass Star Suncatcher, Star of David, Hanukkah Gift, Jewish Decor, Jewish Star, Magen David, Religious Decor, Star Ornament
            
                
                        


                
    
    
    

        

                
                    (2,229)
                
                
        
  

    Star Seller


                
                        


                
                    $45.00
                

                        
                        
                            
                        
                    
              a d vertisement b y Etsy seller
              Advertisement from Etsy seller
              StainedGlassYourWay
              From shop StainedGlassYourWay
        
            
            
                
            
            
            
    Etsy’s Pick","https://www.etsy.com/listing/239316243/stained-glass-star-suncatcher-star-of?click_key=cc2c4dcbebf6605abab0eeb91f1eeeb515071d83%3A239316243&click_sum=e1890343&ga_order=most_relevant&ga_search_type=all&ga_view_type=gallery&ga_search_query=&ref=search_grid-862547-1-34&etp=1&sts=1","Stained Glass Star Suncatcher, Star of David, Hanukkah Gift, Jewish Decor, Jewish Star, Magen David, Religious Decor, Star Ornament","Price:
        $45.00","117","2,229","5 out of 5 stars"
"1703616350-20","https://www.etsy.com/c/art-and-collectibles?ref=catnav-66","Custom Graffiti Canvas HUMAN PAINTED Personalized Gift Name Large Mural Hangable Wall Art Spray Paint Acrylic Large Sign
            
                
                        


                
    
    
    

        

                
                    (154)
                
                

                
                        


                    
                        
                            Sale Price $37.49
                        
                        
                            
                                $37.49
                        
                        
                            $49.99
                            
                                Original Price $49.99
                            
                            
                                
                                (25% off)
                                
                            
                        


                        
                        
                            
                        
                    
              a d vertisement b y Etsy seller
              Advertisement from Etsy seller
              GraffRootsMedia
              From shop GraffRootsMedia
        
            
    
            
    FREE shipping","https://www.etsy.com/listing/173437655/custom-graffiti-canvas-human-painted?click_key=0bb9ed610a093aa7c02f03932bcba5f074071ef3%3A173437655&click_sum=02d4308e&ga_order=most_relevant&ga_search_type=all&ga_view_type=gallery&ga_search_query=&ref=search_grid-862547-1-33&pro=1&frs=1","Custom Graffiti Canvas HUMAN PAINTED Personalized Gift Name Large Mural Hangable Wall Art Spray Paint Acrylic Large Sign","Price:
        $37.49+","76","154","5 out of 5 stars"
"1703616353-21","https://www.etsy.com/c/art-and-collectibles?ref=catnav-66","Watercolor Butterfly Art Print. Soft Orange Butterfly Poster. Pastel Colored Butterfly Wall Art. Modern Nursery Art. Unique Pink Nature Art.
            
                
                        


                
    
    
    

        

                
                    (2,781)
                
                

                
                        


                
                    $18.00
                

                        
                        
                            
                        
                    
              a d vertisement b y Etsy seller
              Advertisement from Etsy seller
              SnoogsAndWilde
              From shop SnoogsAndWilde
        
            
    
            
    FREE shipping

    

            
                
            
            
            
    Etsy’s Pick","https://www.etsy.com/listing/150629306/watercolor-butterfly-art-print-soft?click_key=dcb4da8562b858c061fe426149866b1c96b02c10%3A150629306&click_sum=fdbcab3c&ga_order=most_relevant&ga_search_type=all&ga_view_type=gallery&ga_search_query=&ref=search_grid-862547-1-32&frs=1&etp=1","Watercolor Butterfly Art Print. Soft Orange Butterfly Poster. Pastel Colored Butterfly Wall Art. Modern Nursery Art. Unique Pink Nature Art.","Price:
        $18.00+","49","2,781","5 out of 5 stars"
"1703616356-22","https://www.etsy.com/c/art-and-collectibles?ref=catnav-66","Downy Woodpecker Watercolor Print Woodland Painting Bird Watercolor
            
                
                        


                
    
    
    

        

                
                    (8,096)
                
                
        
  

    Star Seller


                
                        


                
                    $18.00
                

                        
                        
                            
                        
                    
              a d vertisement b y Etsy seller
              Advertisement from Etsy seller
              studiotuesday
              From shop studiotuesday
        
            
    
            
    FREE shipping

    

            
                
            
            
            
    Etsy’s Pick","https://www.etsy.com/listing/237023013/downy-woodpecker-watercolor-print?click_key=b4445bd49e0fbc415ca16a87cc629c5cae018ae8%3A237023013&click_sum=ead33459&ga_order=most_relevant&ga_search_type=all&ga_view_type=gallery&ga_search_query=&ref=search_grid-862547-1-31&frs=1&etp=1&sts=1","Downy Woodpecker Watercolor Print Woodland Painting Bird Watercolor","Price:
        $18.00+","23","8,096","5 out of 5 stars"
"1703616359-23","https://www.etsy.com/c/art-and-collectibles?ref=catnav-66","Philadelphia neighborhood map art print, Signed print of my original hand drawn Philadelphia typography map art
            
                
                        


                
    
    
    

        

                
                    (969)
                
                
        
  

    Star Seller


                
                        


                    
                        
                            Sale Price $22.50
                        
                        
                            
                                $22.50
                        
                        
                            $25.00
                            
                                Original Price $25.00
                            
                            
                                
                                (10% off)
                                
                            
                        


                        
                        
                            
                        
                    
              a d vertisement b y Etsy seller
              Advertisement from Etsy seller
              joebstudio
              From shop joebstudio","https://www.etsy.com/listing/227124727/philadelphia-neighborhood-map-art-print?click_key=fa96e8ae8c81dc17cb845d3281e009babac19b7c%3A227124727&click_sum=8b57d859&ga_order=most_relevant&ga_search_type=all&ga_view_type=gallery&ga_search_query=&ref=search_grid-862547-1-30&pro=1&sts=1","Philadelphia neighborhood map art print, Signed print of my original hand drawn Philadelphia typography map art","Price:
        $22.50+","24","969","5 out of 5 stars"
"1703616362-24","https://www.etsy.com/c/art-and-collectibles?ref=catnav-66","Woodland Art Alphabet Woodland Baby Shower Gift Forest Animals Wall Art Nursery Art Print
            
                
                        


                
    
    
    

        

                
                    (8,096)
                
                
        
  

    Star Seller


                
                        


                
                    $27.00
                

                        
                        
                            
                        
                    
              a d vertisement b y Etsy seller
              Advertisement from Etsy seller
              studiotuesday
              From shop studiotuesday
        
            
    
            
    FREE shipping

    

            
                
            
            
            
    Etsy’s Pick","https://www.etsy.com/listing/281632988/woodland-art-alphabet-woodland-baby?click_key=fab9d7955bab08bf638284b2d8ff3cc20a56825b%3A281632988&click_sum=93623b99&ga_order=most_relevant&ga_search_type=all&ga_view_type=gallery&ga_search_query=&ref=search_grid-862547-1-29&frs=1&etp=1&sts=1","Woodland Art Alphabet Woodland Baby Shower Gift Forest Animals Wall Art Nursery Art Print","Price:
        $27.00+","16","8,096","5 out of 5 stars"
"1703616365-25","https://www.etsy.com/c/art-and-collectibles?ref=catnav-66","Winter Sport art ski painting Canvas art white Texture Wall Art ready to hang by YIQI LI
            
                
                        


                
    
    
    

        

                
                    (856)
                
                
        
  

    Star Seller


                
                        


                    
                        
                            Sale Price $179.40
                        
                        
                            
                                $179.40
                        
                        
                            $299.00
                            
                                Original Price $299.00
                            
                            
                                
                                (40% off)
                                
                            
                        


                        
                        
                            
                        
                    
              a d vertisement b y Etsy seller
              Advertisement from Etsy seller
              QiQiGallery
              From shop QiQiGallery
        
            
    
            
    FREE shipping","https://www.etsy.com/listing/263605036/winter-sport-art-ski-painting-canvas-art?click_key=5423e55934fb9c24f0a988bb0ef8be3b8a8a9af6%3A263605036&click_sum=d640be25&ga_order=most_relevant&ga_search_type=all&ga_view_type=gallery&ga_search_query=&ref=search_grid-862547-1-28&pro=1&frs=1&sts=1","Winter Sport art ski painting Canvas art white Texture Wall Art ready to hang by YIQI LI","Price:
        $179.40","18","856","5 out of 5 stars"
"1703616368-26","https://www.etsy.com/c/art-and-collectibles?ref=catnav-66","Days End .  giclee art print
            
                
                        


                
    
    
    

        

                
                    (9,854)
                
                

                
                        


                
                    $35.00
                

                        
                        
                            
                        
                    
              a d vertisement b y Etsy seller
              Advertisement from Etsy seller
              ClareElsaesser
              From shop ClareElsaesser
        
            
    
            
    FREE shipping

    

            
                
            
            
            
    Etsy’s Pick","https://www.etsy.com/listing/239929817/days-end-giclee-art-print?click_key=df35a135d66182c183668f899de3faaa24917d5a%3A239929817&click_sum=7cefa0c8&ga_order=most_relevant&ga_search_type=all&ga_view_type=gallery&ga_search_query=&ref=search_grid-862547-1-27&frs=1&etp=1","Days End .  giclee art print","Price:
        $35.00+","85","9,854","5 out of 5 stars"
"1703616371-27","https://www.etsy.com/c/art-and-collectibles?ref=catnav-66","Watercolor Butterfly Art Print. Butterfly Poster. Butterfly Painting. Blue and Orange Butterflies. Nature Wall Art Decor. Nursery Wall Art.
            
                
                        


                
    
    
    

        

                
                    (2,781)
                
                

                
                        


                
                    $18.00
                

                        
                        
                            
                        
                    
              a d vertisement b y Etsy seller
              Advertisement from Etsy seller
              SnoogsAndWilde
              From shop SnoogsAndWilde
        
            
    
            
    FREE shipping

    

            
                
            
            
            
    Etsy’s Pick","https://www.etsy.com/listing/207412596/watercolor-butterfly-art-print-butterfly?click_key=c24fb0db551f40ac973a50a2b176dabf6534d6bf%3A207412596&click_sum=426449b7&ga_order=most_relevant&ga_search_type=all&ga_view_type=gallery&ga_search_query=&ref=search_grid-862547-1-26&frs=1&etp=1","Watercolor Butterfly Art Print. Butterfly Poster. Butterfly Painting. Blue and Orange Butterflies. Nature Wall Art Decor. Nursery Wall Art.","Price:
        $18.00+","22","2,781","5 out of 5 stars"
"1703616376-28","https://www.etsy.com/c/art-and-collectibles?ref=catnav-66","Oyster Print Pearl Seaside Watercolor Modern Coastal Decor Beach House Wall Art | ""Watercolor Oyster Trio""  - Art Print or Canvas
            
                
                        


                
    
    
    

        

                
                    (4,932)
                
                
        
  

    Star Seller


                
                        


                
                    $17.00
                

                        
                        
                            
                        
                    
              a d vertisement b y Etsy seller
              Advertisement from Etsy seller
              PrintsbyJettyHome
              From shop PrintsbyJettyHome
        
            
    
            
    FREE shipping

    

            
                
            
            
            
    Etsy’s Pick","https://www.etsy.com/listing/512650433/oyster-print-pearl-seaside-watercolor?click_key=c3b1e14f878b5fcf00e497af4dfeaa8019033ba7%3A512650433&click_sum=228bbe84&ga_order=most_relevant&ga_search_type=all&ga_view_type=gallery&ga_search_query=&ref=search_grid-862547-1-25&frs=1&etp=1&sts=1","Oyster Print Pearl Seaside Watercolor Modern Coastal Decor Beach House Wall Art | ""Watercolor Oyster Trio""  - Art Print or Canvas","Price:
        $17.00+","27","4,932","5 out of 5 stars"
"1703616378-29","https://www.etsy.com/c/art-and-collectibles?ref=catnav-66","Custom Digital Watercolour and Sketch Painting, Graphic Edit, Personalised Gift , Portrait from photo, Anniversary Gift, Photo Gifts
            
                
                        


                
    
    
    

        

                
                    (532)
                
                
        
  

    Star Seller


                
                        


                    
                        
                            Sale Price $17.11
                        
                        
                            
                                $17.11
                        
                        
                            $68.42
                            
                                Original Price $68.42
                            
                            
                                
                                (75% off)
                                
                            
                        


                        
                        
                            
                        
                    
              a d vertisement b y ArtisanPortraits
              Advertisement from shop ArtisanPortraits
              ArtisanPortraits
              From shop ArtisanPortraits
        
            
            
                
        
  

    
        Digital Download","https://www.etsy.com/listing/1334196308/custom-digital-watercolour-and-sketch?click_key=4b36877884c02602d6830c7029549d9c0be571bd%3A1334196308&click_sum=4318ea99&ga_order=most_relevant&ga_search_type=all&ga_view_type=gallery&ga_search_query=&ref=search_grid-862546-1-12&pro=1&sts=1&dd=1","Custom Digital Watercolour and Sketch Painting, Graphic Edit, Personalised Gift , Portrait from photo, Anniversary Gift, Photo Gifts","Price:
        $17.11","104","532","5 out of 5 stars"
"1703616381-30","https://www.etsy.com/c/art-and-collectibles?ref=catnav-66","Gift for Your New Home Owner Friends, Custom House Drawing from Photo, Minimalist House Drawing with Line Art Style, New Home Gift İdeas
            
                
                        


                
    
    
    

        

                
                    (1,724)
                
                

                
                        


                    
                        
                            Sale Price $13.59
                        
                        
                            
                                $13.59
                        
                        
                            $19.42
                            
                                Original Price $19.42
                            
                            
                                
                                (30% off)
                                
                            
                        


                        
                        
                            
                        
                    
              a d vertisement b y LinearPortrait
              Advertisement from shop LinearPortrait
              LinearPortrait
              From shop LinearPortrait
        
            
    
            
    FREE shipping","https://www.etsy.com/listing/1527107477/gift-for-your-new-home-owner-friends?click_key=61e35b4e9f6d2b0cfed0c741d2a2462fb6439238%3A1527107477&click_sum=636a62d5&ga_order=most_relevant&ga_search_type=all&ga_view_type=gallery&ga_search_query=&ref=search_grid-862546-1-11&pro=1&frs=1","Gift for Your New Home Owner Friends, Custom House Drawing from Photo, Minimalist House Drawing with Line Art Style, New Home Gift İdeas","Price:
        $13.59+","24","1,724","5 out of 5 stars"
"1703616384-31","https://www.etsy.com/c/art-and-collectibles?ref=catnav-66","BirthFlower Family Bouquet Custom Wall Art,BirthFlower Month Print,Personalize Gift,HANDMADE,BirthFlower Gift,Birth Month Flower,HIGH DEMAND
            
                
                        


                
    
    
    

        

                
                    (20)
                
                

                
                        


                    
                        
                            Sale Price $11.24
                        
                        
                            
                                $11.24
                        
                        
                            $28.10
                            
                                Original Price $28.10
                            
                            
                                
                                (60% off)
                                
                            
                        


                        
                        
                            
                        
                    
              a d vertisement b y TheGoodTimesBoutique
              Advertisement from shop TheGoodTimesBoutique
              TheGoodTimesBoutique
              From shop TheGoodTimesBoutique
        
            
            
                
        
  

    
        Digital Download","https://www.etsy.com/listing/1626980017/birthflower-family-bouquet-custom-wall?click_key=349bb74ef19ff238e63a97e711306ee94b55e5aa%3A1626980017&click_sum=c4c1ed7f&ga_order=most_relevant&ga_search_type=all&ga_view_type=gallery&ga_search_query=&ref=search_grid-862546-1-10&pro=1&dd=1","BirthFlower Family Bouquet Custom Wall Art,BirthFlower Month Print,Personalize Gift,HANDMADE,BirthFlower Gift,Birth Month Flower,HIGH DEMAND","Price:
        $11.24","","","5 out of 5 stars"
"1703616387-32","https://www.etsy.com/c/art-and-collectibles?ref=catnav-66","Personalized Wall Art, Mom Gift From Daughter, Custom Mother Son Print, Mom Birthday Gift, Family Portrait, Mothers Day Gift for Mom, Prints
            
                
                        


                
    
    
    

        

                
                    (12,396)
                
                

                
                        


                    
                        
                            Sale Price $21.60
                        
                        
                            
                                $21.60
                        
                        
                            $24.00
                            
                                Original Price $24.00
                            
                            
                                
                                (10% off)
                                
                            
                        


                        
                        
                            
                        
                    
              a d vertisement b y promenadefield
              Advertisement from shop promenadefield
              promenadefield
              From shop promenadefield
        
            
    
            
    FREE shipping","https://www.etsy.com/listing/699326867/personalized-wall-art-mom-gift-from?click_key=9daeedbec048f472a6de220677eeee09117f5344%3A699326867&click_sum=51aa3234&ga_order=most_relevant&ga_search_type=all&ga_view_type=gallery&ga_search_query=&ref=search_grid-862546-1-9&pro=1&frs=1","Personalized Wall Art, Mom Gift From Daughter, Custom Mother Son Print, Mom Birthday Gift, Family Portrait, Mothers Day Gift for Mom, Prints","Price:
        $21.60+","4,682","12,397","5 out of 5 stars"
"1703616390-33","https://www.etsy.com/c/art-and-collectibles?ref=catnav-66","Tufted Titmouse Print Bird Watercolor Painting Bird Art Backyard Bird Painting Woodland Birding
            
                
                        


                
    
    
    

        

                
                    (8,096)
                
                
        
  

    Star Seller


                
                        


                
                    $18.00
                

                        
                        
                            
                        
                    
              a d vertisement b y Etsy seller
              Advertisement from Etsy seller
              studiotuesday
              From shop studiotuesday
        
            
    
            
    FREE shipping

    

            
                
            
            
            
    Etsy’s Pick","https://www.etsy.com/listing/178707599/tufted-titmouse-print-bird-watercolor?click_key=3b1861f4096432e7789de56d7dc8673064746d13%3A178707599&click_sum=f2a3e465&ga_order=most_relevant&ga_search_type=all&ga_view_type=gallery&ga_search_query=&ref=search_grid-862547-1-24&frs=1&etp=1&sts=1","Tufted Titmouse Print Bird Watercolor Painting Bird Art Backyard Bird Painting Woodland Birding","Price:
        $18.00+","71","8,096","5 out of 5 stars"
"1703616393-34","https://www.etsy.com/c/art-and-collectibles?ref=catnav-66","Piping Plover Watercolor Print Sandpiper Beach Painting
            
                
                        


                
    
    
    

        

                
                    (8,096)
                
                
        
  

    Star Seller


                
                        


                
                    $17.00
                

                        
                        
                            
                        
                    
              a d vertisement b y Etsy seller
              Advertisement from Etsy seller
              studiotuesday
              From shop studiotuesday
        
            
    
            
    FREE shipping

    

            
                
            
            
            
    Etsy’s Pick","https://www.etsy.com/listing/191236752/piping-plover-watercolor-print-sandpiper?click_key=21afeb549e700a55edd9f0870e1922a9c3d570b6%3A191236752&click_sum=1bff1e60&ga_order=most_relevant&ga_search_type=all&ga_view_type=gallery&ga_search_query=&ref=search_grid-862547-1-23&frs=1&etp=1&sts=1","Piping Plover Watercolor Print Sandpiper Beach Painting","Price:
        $17.00+","37","8,096","5 out of 5 stars"
"1703616395-35","https://www.etsy.com/c/art-and-collectibles?ref=catnav-66","Pineapple Trio - Archival Pineapple Print - Pineapple Art Print - Tropical Decor - Giclee Print - Art & Collectibles - Pineapple Decor
            
                
                        


                
    
    
    

        

                
                    (1,062)
                
                

                
                        


                
                    $16.00
                

                        
                        
                            
                        
                    
              a d vertisement b y Etsy seller
              Advertisement from Etsy seller
              LunaReef
              From shop LunaReef
        
            
            
                
            
            
            
    Etsy’s Pick","https://www.etsy.com/listing/224948809/pineapple-trio-archival-pineapple-print?click_key=7a40704826acf0064e12a1ec521a33428a2080da%3A224948809&click_sum=5706dad6&ga_order=most_relevant&ga_search_type=all&ga_view_type=gallery&ga_search_query=&ref=search_grid-862547-1-22&etp=1","Pineapple Trio - Archival Pineapple Print - Pineapple Art Print - Tropical Decor - Giclee Print - Art & Collectibles - Pineapple Decor","Price:
        $16.00+","11","1,062","4.5 out of 5 stars"
"1703616398-36","https://www.etsy.com/c/art-and-collectibles?ref=catnav-66","Copper Art Figurine Skateboarder
            
                
                        


                
    
    
    

        

                
                    (1,797)
                
                

                
                        


                
                    $39.95
                

                        
                        
                            
                        
                    
              a d vertisement b y Etsy seller
              Advertisement from Etsy seller
              CopperArtandmoreRI
              From shop CopperArtandmoreRI
        
            
    
            
    FREE shipping

    

            
                
            
            
            
    Etsy’s Pick","https://www.etsy.com/listing/386378044/copper-art-figurine-skateboarder?click_key=aa25f63ba76dfaa8bd095a26ba58dcec6244fabc%3A386378044&click_sum=7d184e9f&ga_order=most_relevant&ga_search_type=all&ga_view_type=gallery&ga_search_query=&ref=search_grid-862547-1-21&frs=1&etp=1","Copper Art Figurine Skateboarder","Price:
        $39.95","54","1,797","5 out of 5 stars"
"1703616403-37","https://www.etsy.com/c/art-and-collectibles?ref=catnav-66","Custom Couple Portrait From Photo, As Seen On Etsy TV Ad, Personalized Christmas gift, Cartoon Portrait, Unique Anniversary Gift
            
                
                        


                
    
    
    

        

                
                    (611)
                
                

                
                        


                
                    $121.00
                

                        
                        
                            
                        
                    
              a d vertisement b y Etsy seller
              Advertisement from Etsy seller
              LucyLovesPaper
              From shop LucyLovesPaper
        
            
    
            
    FREE shipping

    

            
                
            
            
            
    Etsy’s Pick","https://www.etsy.com/listing/458962252/custom-couple-portrait-from-photo-as?click_key=9cfd238694d57f99cca192eb497a1f53eb56cf60%3A458962252&click_sum=cb2a0252&ga_order=most_relevant&ga_search_type=all&ga_view_type=gallery&ga_search_query=&ref=search_grid-862547-1-20&frs=1&etp=1","Custom Couple Portrait From Photo, As Seen On Etsy TV Ad, Personalized Christmas gift, Cartoon Portrait, Unique Anniversary Gift","Price:
        $121.00+","44","611","5 out of 5 stars"
"1703616406-38","https://www.etsy.com/c/art-and-collectibles?ref=catnav-66","Feather Art. Watercolor Feathers Art Print. Colorful Boho Feather Art. Watercolor Nature Painting. Gift for Her. Sweet Pretty Nursery Print.
            
                
                        


                
    
    
    

        

                
                    (2,781)
                
                

                
                        


                
                    $28.00
                

                        
                        
                            
                        
                    
              a d vertisement b y Etsy seller
              Advertisement from Etsy seller
              SnoogsAndWilde
              From shop SnoogsAndWilde
        
            
    
            
    FREE shipping

    

            
                
            
            
            
    Etsy’s Pick","https://www.etsy.com/listing/150454249/feather-art-watercolor-feathers-art?click_key=2edb5a8bc3ac705ce8d229c1134e0948ae80a03f%3A150454249&click_sum=0f9460ec&ga_order=most_relevant&ga_search_type=all&ga_view_type=gallery&ga_search_query=&ref=search_grid-862547-1-19&frs=1&etp=1","Feather Art. Watercolor Feathers Art Print. Colorful Boho Feather Art. Watercolor Nature Painting. Gift for Her. Sweet Pretty Nursery Print.","Price:
        $28.00+","25","2,781","5 out of 5 stars"
"1703616409-39","https://www.etsy.com/c/art-and-collectibles?ref=catnav-66","Red Barn In Snow Print, Barn Landscape Photo, Modern Country Home Wall Art, Winter Snow Photography, Rustic Wall Decor
            
                
                        


                
    
    
    

        

                
                    (470)
                
                
        
  

    Star Seller


                
                        


                
                    $35.00
                

                        
                        
                            
                        
                    
              a d vertisement b y Etsy seller
              Advertisement from Etsy seller
              cottagelightstudio
              From shop cottagelightstudio
        
            
    
            
    FREE shipping

    

            
                
            
            
            
    Etsy’s Pick","https://www.etsy.com/listing/176318318/red-barn-in-snow-print-barn-landscape?click_key=40a3fec248ad383929bf3cb81653607244497194%3A176318318&click_sum=764dcf1d&ga_order=most_relevant&ga_search_type=all&ga_view_type=gallery&ga_search_query=&ref=search_grid-862547-1-18&frs=1&etp=1&sts=1","Red Barn In Snow Print, Barn Landscape Photo, Modern Country Home Wall Art, Winter Snow Photography, Rustic Wall Decor","Price:
        $35.00+","33","470","5 out of 5 stars"
"1703616412-40","https://www.etsy.com/c/art-and-collectibles?ref=catnav-66","Pink Flamingo watercolor painting print by Slaveika Aladjova, art, animal, illustration, bird, home decor, wall art, gift, Wildlife
            
                
                        


                
    
    
    

        

                
                    (4,196)
                
                

                
                        


                    
                        
                            Sale Price $25.50
                        
                        
                            
                                $25.50
                        
                        
                            $34.00
                            
                                Original Price $34.00
                            
                            
                                
                                (25% off)
                                
                            
                        


                        
                        
                            
                        
                    
              a d vertisement b y Etsy seller
              Advertisement from Etsy seller
              SlaviART
              From shop SlaviART","https://www.etsy.com/listing/243806472/pink-flamingo-watercolor-painting-print?click_key=ac5640c711e1ccd97849df68f10228fd50b7264f%3A243806472&click_sum=515934cd&ga_order=most_relevant&ga_search_type=all&ga_view_type=gallery&ga_search_query=&ref=search_grid-862547-1-17&pro=1","Pink Flamingo watercolor painting print by Slaveika Aladjova, art, animal, illustration, bird, home decor, wall art, gift, Wildlife","Price:
        $25.50+","54","4,196","5 out of 5 stars"
"1703616415-41","https://www.etsy.com/c/art-and-collectibles?ref=catnav-66","Small Owl Feather Print Nature Watercolor Painting
            
                
                        


                
    
    
    

        

                
                    (8,096)
                
                
        
  

    Star Seller


                
                        


                
                    $17.00
                

                        
                        
                            
                        
                    
              a d vertisement b y Etsy seller
              Advertisement from Etsy seller
              studiotuesday
              From shop studiotuesday
        
            
    
            
    FREE shipping

    

            
                
            
            
            
    Etsy’s Pick","https://www.etsy.com/listing/60377760/small-owl-feather-print-nature?click_key=0603bf78a5cce5270355c426120d11b608e0012f%3A60377760&click_sum=c5eae97a&ga_order=most_relevant&ga_search_type=all&ga_view_type=gallery&ga_search_query=&ref=search_grid-862547-1-16&frs=1&etp=1&sts=1","Small Owl Feather Print Nature Watercolor Painting","Price:
        $17.00","30","8,096","5 out of 5 stars"
"1703616418-42","https://www.etsy.com/c/art-and-collectibles?ref=catnav-66","Orca Painting, Watercolor Painting, Whale Painting, Orca and Girl, Killer Whale, Whale Nursery, Whale Print, Boy and Girl Versions Available
            
                
                        


                
    
    
    

        

                
                    (8,700)
                
                
        
  

    Star Seller


                
                        


                
                    $12.00
                

                        
                        
                            
                        
                    
              a d vertisement b y Etsy seller
              Advertisement from Etsy seller
              TheColorfulCatStudio
              From shop TheColorfulCatStudio
        
            
            
                
            
            
            
    Etsy’s Pick","https://www.etsy.com/listing/398685619/orca-painting-watercolor-painting-whale?click_key=974ef855cf66bdd5eaa20fcfd56962b673b1a953%3A398685619&click_sum=04241bff&ga_order=most_relevant&ga_search_type=all&ga_view_type=gallery&ga_search_query=&ref=search_grid-862547-1-15&etp=1&sts=1","Orca Painting, Watercolor Painting, Whale Painting, Orca and Girl, Killer Whale, Whale Nursery, Whale Print, Boy and Girl Versions Available","Price:
        $12.00+","811","8,700","5 out of 5 stars"
"1703616421-43","https://www.etsy.com/c/art-and-collectibles?ref=catnav-66","English Labrador Retriever Art Print - Signed and Printed by the Artist - Framed or Unframed - Dog Wall Art - 160522
            
                
                        


                
    
    
    

        

                
                    (1,287)
                
                
        
  

    Star Seller


                
                        


                
                    $46.00
                

                        
                        
                            
                        
                    
              a d vertisement b y Etsy seller
              Advertisement from Etsy seller
              joreyhurley
              From shop joreyhurley
        
            
    
            
    FREE shipping

    

            
                
            
            
            
    Etsy’s Pick","https://www.etsy.com/listing/294886861/english-labrador-retriever-art-print?click_key=2b24e7a925071af54e3a6d0044ea7ad2cb81f749%3A294886861&click_sum=b2719eca&ga_order=most_relevant&ga_search_type=all&ga_view_type=gallery&ga_search_query=&ref=search_grid-862547-1-14&frs=1&etp=1&sts=1","English Labrador Retriever Art Print - Signed and Printed by the Artist - Framed or Unframed - Dog Wall Art - 160522","Price:
        $46.00+","10","1,287","5 out of 5 stars"
"1703616424-44","https://www.etsy.com/c/art-and-collectibles?ref=catnav-66","Mailed Print / Custom Quote / Custom Quote Print / Personalized Quote Print / Custom Poster / Dorm Art
            
                
                        


                
    
    
    

        

                
                    (5,130)
                
                
        
  

    Star Seller


                
                        


                
                    $14.00
                

                        
                        
                            
                        
                    
              a d vertisement b y Etsy seller
              Advertisement from Etsy seller
              MadKittyMedia
              From shop MadKittyMedia
        
            
            
                
            
            
            
    Etsy’s Pick","https://www.etsy.com/listing/216584231/mailed-print-custom-quote-custom-quote?click_key=233cee2a22568590ba2c33f192b5d4052d94b702%3A216584231&click_sum=c8cce0a1&ga_order=most_relevant&ga_search_type=all&ga_view_type=gallery&ga_search_query=&ref=search_grid-862547-1-13&etp=1&sts=1","Mailed Print / Custom Quote / Custom Quote Print / Personalized Quote Print / Custom Poster / Dorm Art","Price:
        $14.00+","100","5,130","5 out of 5 stars"
"1703616427-45","https://www.etsy.com/c/art-and-collectibles?ref=catnav-66","Custom Watercolor Family Portrait, Personalized Memorial Painting From Multiple Photos, Loved One Remembrance Christmas Gift for Parents
            
                
                        


                
    
    
    

        

                
                    (2,470)
                
                

                
                        


                    
                        
                            Sale Price $19.99
                        
                        
                            
                                $19.99
                        
                        
                            $39.99
                            
                                Original Price $39.99
                            
                            
                                
                                (50% off)
                                
                            
                        


                        
                        
                            
                        
                    
              a d vertisement b y CustomMayyArts
              Advertisement from shop CustomMayyArts
              CustomMayyArts
              From shop CustomMayyArts
        
            
    
            
    FREE shipping","https://www.etsy.com/listing/1036834661/custom-watercolor-family-portrait?click_key=e0c678a128d557d369549c082d8eaa86304101c2%3A1036834661&click_sum=3d2a8ac9&ga_order=most_relevant&ga_search_type=all&ga_view_type=gallery&ga_search_query=&ref=search_grid-862546-1-8&pro=1&frs=1","Custom Watercolor Family Portrait, Personalized Memorial Painting From Multiple Photos, Loved One Remembrance Christmas Gift for Parents","Price:
        $19.99+","487","2,470","5 out of 5 stars"
"1703616429-46","https://www.etsy.com/c/art-and-collectibles?ref=catnav-66","Mini Custom Watercolor Cat Portrait, Cat Memorial, Cat Loss Gift, Cat Lover Gift, Pet Painting, Tiny Paintings, Miniature Painting
            
                
                        


                
    
    
    

        

                
                    (561)
                
                

                
                        


                    
                        
                            Sale Price $18.33
                        
                        
                            
                                $18.33
                        
                        
                            $33.32
                            
                                Original Price $33.32
                            
                            
                                
                                (45% off)
                                
                            
                        


                        
                        
                            
                        
                    
              a d vertisement b y Cranbri
              Advertisement from shop Cranbri
              Cranbri
              From shop Cranbri
        
            
    
            
    FREE shipping","https://www.etsy.com/listing/1577605065/mini-custom-watercolor-cat-portrait-cat?click_key=74407eb5780044967f33c2fcd74c6b5ec756c64c%3A1577605065&click_sum=b1ee57f3&ga_order=most_relevant&ga_search_type=all&ga_view_type=gallery&ga_search_query=&ref=search_grid-862546-1-7&pro=1&frs=1","Mini Custom Watercolor Cat Portrait, Cat Memorial, Cat Loss Gift, Cat Lover Gift, Pet Painting, Tiny Paintings, Miniature Painting","Price:
        $18.33+","267","561","5 out of 5 stars"
"1703616432-47","https://www.etsy.com/c/art-and-collectibles?ref=catnav-66","Personalized Watercolor Day of Wedding Painting with Parents, Custom Memorial Painting Commission for Loved Ones, Sympathy Gift for Friends
            
                
                        


                
    
    
    

        

                
                    (8,585)
                
                
        
  

    Star Seller


                
                        


                    
                        
                            Sale Price $15.28
                        
                        
                            
                                $15.28
                        
                        
                            $50.95
                            
                                Original Price $50.95
                            
                            
                                
                                (70% off)
                                
                            
                        


                        
                        
                            
                        
                    
              a d vertisement b y MemorializeShop
              Advertisement from shop MemorializeShop
              MemorializeShop
              From shop MemorializeShop
        
            
    
            
    FREE shipping","https://www.etsy.com/listing/1541334103/personalized-watercolor-day-of-wedding?click_key=6491faf528c5d57b16483c622917bca7cefe603c%3A1541334103&click_sum=9024deea&ga_order=most_relevant&ga_search_type=all&ga_view_type=gallery&ga_search_query=&ref=search_grid-862546-1-6&pro=1&frs=1&sts=1","Personalized Watercolor Day of Wedding Painting with Parents, Custom Memorial Painting Commission for Loved Ones, Sympathy Gift for Friends","Price:
        $15.28+","132","8,585","5 out of 5 stars"
"1703616435-48","https://www.etsy.com/c/art-and-collectibles?ref=catnav-66","Custom Dog Mom Art, Dog Mom Portrait, Pet Line Art, Custom From Photo, Dog Mom Gift, Dad Gift, Dog Dad Gift, Best Gift for Mom, Dog Lovers
            
                
                        


                
    
    
    

        

                
                    (553)
                
                

                
                        


                    
                        
                            Sale Price $22.43
                        
                        
                            
                                $22.43
                        
                        
                            $26.39
                            
                                Original Price $26.39
                            
                            
                                
                                (15% off)
                                
                            
                        


                        
                        
                            
                        
                    
              a d vertisement b y JaimeLopezUS
              Advertisement from shop JaimeLopezUS
              JaimeLopezUS
              From shop JaimeLopezUS
        
            
    
            
    FREE shipping","https://www.etsy.com/listing/1511971701/custom-dog-mom-art-dog-mom-portrait-pet?click_key=33561ee98247938b904b45b66cff0e3a05057242%3A1511971701&click_sum=3992d457&ga_order=most_relevant&ga_search_type=all&ga_view_type=gallery&ga_search_query=&ref=search_grid-862546-1-5&pro=1&frs=1","Custom Dog Mom Art, Dog Mom Portrait, Pet Line Art, Custom From Photo, Dog Mom Gift, Dad Gift, Dog Dad Gift, Best Gift for Mom, Dog Lovers","Price:
        $22.43+","25","553","5 out of 5 stars"
"1703616438-49","https://www.etsy.com/c/art-and-collectibles?ref=catnav-66","Feather Watercolor Art Print. Boho Style Feather Art. Neutral Black and White Feather Wall Art. Gift for Him. Gift for Her. Yoga Studio Art.
            
                
                        


                
    
    
    

        

                
                    (2,781)
                
                

                
                        


                
                    $28.00
                

                        
                        
                            
                        
                    
              a d vertisement b y Etsy seller
              Advertisement from Etsy seller
              SnoogsAndWilde
              From shop SnoogsAndWilde
        
            
    
            
    FREE shipping

    

            
                
            
            
            
    Etsy’s Pick","https://www.etsy.com/listing/126959241/feather-watercolor-art-print-boho-style?click_key=2cdaf25725fba368e4d91082c42f5af6b680d394%3A126959241&click_sum=a0d98dcc&ga_order=most_relevant&ga_search_type=all&ga_view_type=gallery&ga_search_query=&ref=search_grid-862547-1-12&frs=1&etp=1","Feather Watercolor Art Print. Boho Style Feather Art. Neutral Black and White Feather Wall Art. Gift for Him. Gift for Her. Yoga Studio Art.","Price:
        $28.00+","82","2,781","5 out of 5 stars"
"1703616441-50","https://www.etsy.com/c/art-and-collectibles?ref=catnav-66","baby portrait, add on infant, swaddled baby
            
                
                        


                
    
    
    

        

                
                    (1,426)
                
                
        
  

    Star Seller


                
                        


                
                    $20.00
                

                        
                        
                            
                        
                    
              a d vertisement b y Etsy seller
              Advertisement from Etsy seller
              HenryJamesPaperGoods
              From shop HenryJamesPaperGoods
        
            
    
            
    FREE shipping

    

            
                
            
            
            
    Etsy’s Pick","https://www.etsy.com/listing/157876841/baby-portrait-add-on-infant-swaddled?click_key=83903c33aedbc334aa076ff68166019a938e2b57%3A157876841&click_sum=37c27672&ga_order=most_relevant&ga_search_type=all&ga_view_type=gallery&ga_search_query=&ref=search_grid-862547-1-11&frs=1&etp=1&sts=1","baby portrait, add on infant, swaddled baby","Price:
        $20.00","12","1,426","5 out of 5 stars"
"1703616444-51","https://www.etsy.com/c/art-and-collectibles?ref=catnav-66","Watercolor Monogram Art Print, Personalized Girls Nursery Decor, Monogram Initial Art, Gold Office Decor, Pink Gold Nursery Wall Art
            
                
                        


                
    
    
    

        

                
                    (2,017)
                
                

                
                        


                
                    $19.50
                

                        
                        
                            
                        
                    
              a d vertisement b y Etsy seller
              Advertisement from Etsy seller
              AppleBlossomPrint
              From shop AppleBlossomPrint
        
            
    
            
    FREE shipping

    

            
                
            
            
            
    Etsy’s Pick","https://www.etsy.com/listing/247327513/watercolor-monogram-art-print?click_key=4f42e17a37f55631564fa10f5e7c215ae074a731%3A247327513&click_sum=710d9182&ga_order=most_relevant&ga_search_type=all&ga_view_type=gallery&ga_search_query=&ref=search_grid-862547-1-10&frs=1&etp=1","Watercolor Monogram Art Print, Personalized Girls Nursery Decor, Monogram Initial Art, Gold Office Decor, Pink Gold Nursery Wall Art","Price:
        $19.50+","75","2,017","5 out of 5 stars"
"1703616447-52","https://www.etsy.com/c/art-and-collectibles?ref=catnav-66","American Kestrel Watercolor Painting Bird Print
            
                
                        


                
    
    
    

        

                
                    (8,096)
                
                
        
  

    Star Seller


                
                        


                
                    $18.00
                

                        
                        
                            
                        
                    
              a d vertisement b y Etsy seller
              Advertisement from Etsy seller
              studiotuesday
              From shop studiotuesday
        
            
    
            
    FREE shipping

    

            
                
            
            
            
    Etsy’s Pick","https://www.etsy.com/listing/220899139/american-kestrel-watercolor-painting?click_key=9053edcbbf0275db8ca3216e1445c920bf65dfe5%3A220899139&click_sum=af63f076&ga_order=most_relevant&ga_search_type=all&ga_view_type=gallery&ga_search_query=&ref=search_grid-862547-1-9&frs=1&etp=1&sts=1","American Kestrel Watercolor Painting Bird Print","Price:
        $18.00+","38","8,096","5 out of 5 stars"
"1703616449-53","https://www.etsy.com/c/art-and-collectibles?ref=catnav-66","Pine Trees Art Print  - tree painting - greenery - christmas tree - mountains - forest - tree watercolor - fir tree - fir - pine tree
            
                
                        


                
    
    
    

        

                
                    (1,410)
                
                
        
  

    Star Seller


                
                        


                
                    $16.50
                

                        
                        
                            
                        
                    
              a d vertisement b y Etsy seller
              Advertisement from Etsy seller
              FoxHollowStudios
              From shop FoxHollowStudios
        
            
    
            
    FREE shipping

    

            
                
            
            
            
    Etsy’s Pick","https://www.etsy.com/listing/255943520/pine-trees-art-print-tree-painting?click_key=322c1f64673ccf2ec805769a8730004fd8087f02%3A255943520&click_sum=d7eed8f7&ga_order=most_relevant&ga_search_type=all&ga_view_type=gallery&ga_search_query=&ref=search_grid-862547-1-8&frs=1&etp=1&sts=1","Pine Trees Art Print  - tree painting - greenery - christmas tree - mountains - forest - tree watercolor - fir tree - fir - pine tree","Price:
        $16.50+","43","1,410","5 out of 5 stars"
"1703616452-54","https://www.etsy.com/c/art-and-collectibles?ref=catnav-66","Custom Pet Portrait, Custom Pet Painting, Custom Handmade Watercolor Dog Painting,  Cat Painting, Father's Day Pet Illustration Gift (1 Pet)
            
                
                        


                
    
    
    

        

                
                    (411)
                
                

                
                        


                
                    $135.00
                

                        
                        
                            
                        
                    
              a d vertisement b y Etsy seller
              Advertisement from Etsy seller
              BlushandHoneyPaper
              From shop BlushandHoneyPaper
        
            
    
            
    FREE shipping

    

            
                
            
            
            
    Etsy’s Pick","https://www.etsy.com/listing/229457412/custom-pet-portrait-custom-pet-painting?click_key=c704274f38924d5eb2aeb4d5db0bbf69641ec36f%3A229457412&click_sum=d6cd3dfb&ga_order=most_relevant&ga_search_type=all&ga_view_type=gallery&ga_search_query=&ref=search_grid-862547-1-7&frs=1&etp=1","Custom Pet Portrait, Custom Pet Painting, Custom Handmade Watercolor Dog Painting,  Cat Painting, Father's Day Pet Illustration Gift (1 Pet)","Price:
        $135.00","113","411","5 out of 5 stars"
"1703616455-55","https://www.etsy.com/c/art-and-collectibles?ref=catnav-66","Watercolor Painting, Galaxy Painting, Night Sky, Galaxy Print, Stars, Starry Night, Watercolor Print, Night Sky Print,Print titled, ""Galaxy""
            
                
                        


                
    
    
    

        

                
                    (8,700)
                
                
        
  

    Star Seller


                
                        


                
                    $24.00
                

                        
                        
                            
                        
                    
              a d vertisement b y Etsy seller
              Advertisement from Etsy seller
              TheColorfulCatStudio
              From shop TheColorfulCatStudio
        
            
            
                
            
            
            
    Etsy’s Pick","https://www.etsy.com/listing/257831229/watercolor-painting-galaxy-painting?click_key=6a41993642bb2cd5d12aefddbb08b1d8a0980f02%3A257831229&click_sum=4d116458&ga_order=most_relevant&ga_search_type=all&ga_view_type=gallery&ga_search_query=&ref=search_grid-862547-1-6&etp=1&sts=1","Watercolor Painting, Galaxy Painting, Night Sky, Galaxy Print, Stars, Starry Night, Watercolor Print, Night Sky Print,Print titled, ""Galaxy""","Price:
        $24.00+","71","8,700","5 out of 5 stars"
"1703616458-56","https://www.etsy.com/c/art-and-collectibles?ref=catnav-66","Whale Painting, Watercolor Painting, Whale Print, Whale and Boat, Whale Art, Whale Nursery, Humpback Whale, Print titled, ""Fathoms Below""
            
                
                        


                
    
    
    

        

                
                    (8,700)
                
                
        
  

    Star Seller


                
                        


                
                    $12.00
                

                        
                        
                            
                        
                    
              a d vertisement b y Etsy seller
              Advertisement from Etsy seller
              TheColorfulCatStudio
              From shop TheColorfulCatStudio
        
            
            
                
            
            
            
    Etsy’s Pick","https://www.etsy.com/listing/246227091/whale-painting-watercolor-painting-whale?click_key=c546b1d8e4a1b9d6738d5d21465fa38fac3b73a5%3A246227091&click_sum=30100974&ga_order=most_relevant&ga_search_type=all&ga_view_type=gallery&ga_search_query=&ref=search_grid-862547-1-5&etp=1&sts=1","Whale Painting, Watercolor Painting, Whale Print, Whale and Boat, Whale Art, Whale Nursery, Humpback Whale, Print titled, ""Fathoms Below""","Price:
        $12.00+","1,065","8,700","5 out of 5 stars"
"1703616461-57","https://www.etsy.com/c/art-and-collectibles?ref=catnav-66","Magnolia Floral Watercolor Print | Magnolia Art Print | Magnolia Painting | Magnolia Farmhouse Decor | Watercolor Floral Painting
            
                
                        


                
    
    
    

        

                
                    (4,329)
                
                

                
                        


                    
                        
                            Sale Price $18.75
                        
                        
                            
                                $18.75
                        
                        
                            $25.00
                            
                                Original Price $25.00
                            
                            
                                
                                (25% off)
                                
                            
                        


                        
                        
                            
                        
                    
              a d vertisement b y Etsy seller
              Advertisement from Etsy seller
              bycamimonet
              From shop bycamimonet","https://www.etsy.com/listing/519133565/magnolia-floral-watercolor-print?click_key=5f6ecc5cfb491cb4490c727e198ca5c1da7bb30e%3A519133565&click_sum=1a97a153&ga_order=most_relevant&ga_search_type=all&ga_view_type=gallery&ga_search_query=&ref=search_grid-862547-1-4&pro=1","Magnolia Floral Watercolor Print | Magnolia Art Print | Magnolia Painting | Magnolia Farmhouse Decor | Watercolor Floral Painting","Price:
        $18.75+","37","4,329","5 out of 5 stars"
"1703616464-58","https://www.etsy.com/c/art-and-collectibles?ref=catnav-66","Custom Portrait from Photo, Cartoon Portrait, Printed Family Illustration, Custom Portrait Personalized Print, Gift for Him, Custom Drawing
            
                
                        


                
    
    
    

        

                
                    (1,484)
                
                
        
  

    Star Seller


                
                        


                
                    $55.00
                

                        
                        
                            
                        
                    
              a d vertisement b y Etsy seller
              Advertisement from Etsy seller
              discoveringyou
              From shop discoveringyou
        
            
    
            
    FREE shipping

    

            
                
            
            
            
    Etsy’s Pick","https://www.etsy.com/listing/223829168/custom-portrait-from-photo-cartoon?click_key=b627d7f8e035086b4be59fa6ad0ee68604b48034%3A223829168&click_sum=0bd77c66&ga_order=most_relevant&ga_search_type=all&ga_view_type=gallery&ga_search_query=&ref=search_grid-862547-1-3&frs=1&etp=1&sts=1","Custom Portrait from Photo, Cartoon Portrait, Printed Family Illustration, Custom Portrait Personalized Print, Gift for Him, Custom Drawing","Price:
        $55.00+","788","1,484","5 out of 5 stars"
"1703616467-59","https://www.etsy.com/c/art-and-collectibles?ref=catnav-66","Watercolor seascape painting, Archival Print from original painting, Maine, Rowboat Alone at sea, serene moody landscape, coastal art
            
                
                        


                
    
    
    

        

                
                    (532)
                
                
        
  

    Star Seller


                
                        


                
                    $60.00
                

                        
                        
                            
                        
                    
              a d vertisement b y Etsy seller
              Advertisement from Etsy seller
              workingwoman
              From shop workingwoman
        
            
    
            
    FREE shipping

    

            
                
            
            
            
    Etsy’s Pick","https://www.etsy.com/listing/247020065/watercolor-seascape-painting-archival?click_key=c725e902879f7acc72106c08985ea06ec12ec124%3A247020065&click_sum=e9f5cb46&ga_order=most_relevant&ga_search_type=all&ga_view_type=gallery&ga_search_query=&ref=search_grid-862547-1-2&frs=1&etp=1&sts=1","Watercolor seascape painting, Archival Print from original painting, Maine, Rowboat Alone at sea, serene moody landscape, coastal art","Price:
        $60.00+","148","532","5 out of 5 stars"
"1703616470-60","https://www.etsy.com/c/art-and-collectibles?ref=catnav-66","Family Portrait Illustration Custom Family Portrait Drawing Personalized Family Name Print Custom Family Cartoon Housewarming Gift Wedding
            
                
                        


                
    
    
    

        

                
                    (650)
                
                

                
                        


                
                    $25.22
                

                        
                        
                            
                        
                    
              a d vertisement b y Etsy seller
              Advertisement from Etsy seller
              lovebeccadesigns
              From shop lovebeccadesigns
        
            
            
                
            
            
            
    Etsy’s Pick","https://www.etsy.com/listing/515825668/family-portrait-illustration-custom?click_key=34f4aac383982cbad68ee4ae61872ef70091799a%3A515825668&click_sum=ad2af21f&ga_order=most_relevant&ga_search_type=all&ga_view_type=gallery&ga_search_query=&ref=search_grid-862547-1-1&etp=1","Family Portrait Illustration Custom Family Portrait Drawing Personalized Family Name Print Custom Family Cartoon Housewarming Gift Wedding","Price:
        $25.22+","131","650","5 out of 5 stars"
"1703616473-61","https://www.etsy.com/c/art-and-collectibles?ref=catnav-66","Pet Portrait Custom Dog Portrait Personalize Pet Memorial Gift Dog Lover Gift for Mom Christmas Gift Birthday Gift For Her Animal Portrait
            
                
                        


                
    
    
    

        

                
                    (2,485)
                
                

                
                        


                    
                        
                            Sale Price $7.09
                        
                        
                            
                                $7.09
                        
                        
                            $15.75
                            
                                Original Price $15.75
                            
                            
                                
                                (55% off)
                                
                            
                        


                        
                        
                            
                        
                    
              a d vertisement b y Premvy
              Advertisement from shop Premvy
              Premvy
              From shop Premvy
        
            
    
            
    FREE shipping","https://www.etsy.com/listing/879900684/pet-portrait-custom-dog-portrait?click_key=d0a7268edc2232b022ad702fa1cb2ad6cb5b2f73%3A879900684&click_sum=f6a551db&ga_order=most_relevant&ga_search_type=all&ga_view_type=gallery&ga_search_query=&ref=search_grid-862546-1-4&pro=1&frs=1","Pet Portrait Custom Dog Portrait Personalize Pet Memorial Gift Dog Lover Gift for Mom Christmas Gift Birthday Gift For Her Animal Portrait","Price:
        $7.09+","100","2,485","5 out of 5 stars"
"1703616475-62","https://www.etsy.com/c/art-and-collectibles?ref=catnav-66","watercolor painting from photo, custom dog portrait watercolor, couple with dog, personalized gift idea, canvas art for sale, pet with owner
            
                
                        


                
    
    
    

        

                
                    (6,155)
                
                

                
                        


                    
                        
                            Sale Price $18.75
                        
                        
                            
                                $18.75
                        
                        
                            $25.00
                            
                                Original Price $25.00
                            
                            
                                
                                (25% off)
                                
                            
                        


                        
                        
                            
                        
                    
              a d vertisement b y BeautifulPrint
              Advertisement from shop BeautifulPrint
              BeautifulPrint
              From shop BeautifulPrint
        
            
    
            
    FREE shipping","https://www.etsy.com/listing/1083643600/watercolor-painting-from-photo-custom?click_key=e4ed20789d0ba73878c16fb9c6c17b22ec7ec56d%3A1083643600&click_sum=5a2ae635&ga_order=most_relevant&ga_search_type=all&ga_view_type=gallery&ga_search_query=&ref=search_grid-862546-1-3&pro=1&frs=1","watercolor painting from photo, custom dog portrait watercolor, couple with dog, personalized gift idea, canvas art for sale, pet with owner","Price:
        $18.75+","1,024","6,155","5 out of 5 stars"
"1703616478-63","https://www.etsy.com/c/art-and-collectibles?ref=catnav-66","Pet Painting, Watercolor Pet Portrait, Pet Memorial Gift, Dog Painting, Pet Loss Gift, Watercolor Illustration, Dog Portraits from Photos
            
                
                        


                
    
    
    

        

                
                    (4,852)
                
                
        
  

    Star Seller


                
                        


                    
                        
                            Sale Price $29.95
                        
                        
                            
                                $29.95
                        
                        
                            $59.90
                            
                                Original Price $59.90
                            
                            
                                
                                (50% off)
                                
                            
                        


                        
                        
                            
                        
                    
              a d vertisement b y ThePlutonArt
              Advertisement from shop ThePlutonArt
              ThePlutonArt
              From shop ThePlutonArt
        
            
    
            
    FREE shipping","https://www.etsy.com/listing/1455358676/pet-painting-watercolor-pet-portrait-pet?click_key=b98480bf4c015ec9b76883fbffe0b6d19eb7f885%3A1455358676&click_sum=73b75610&ga_order=most_relevant&ga_search_type=all&ga_view_type=gallery&ga_search_query=&ref=search_grid-862546-1-2&pro=1&frs=1&sts=1","Pet Painting, Watercolor Pet Portrait, Pet Memorial Gift, Dog Painting, Pet Loss Gift, Watercolor Illustration, Dog Portraits from Photos","Price:
        $29.95+","697","4,852","5 out of 5 stars"
"1703616485-64","https://www.etsy.com/c/art-and-collectibles?ref=catnav-66","Custom Watercolor Portrait drawing, Personalised Family gift for Mum, Watercolor Painting, Christmas Gift Ideas, Watercolor From Photo
            
                
                        


                
    
    
    

        

                
                    (191)
                
                

                
                        


                    
                        
                            Sale Price $18.77
                        
                        
                            
                                $18.77
                        
                        
                            $34.12
                            
                                Original Price $34.12
                            
                            
                                
                                (45% off)
                                
                            
                        


                        
                        
                            
                        
                    
              a d vertisement b y CreatiCustom
              Advertisement from shop CreatiCustom
              CreatiCustom
              From shop CreatiCustom
        
            
    
            
    FREE shipping","https://www.etsy.com/listing/1601494477/custom-watercolor-portrait-drawing?click_key=1a14e95522eb7bd1905e07a0972bf460913e0cf1%3A1601494477&click_sum=ad0c1d3d&ga_order=most_relevant&ga_search_type=all&ga_view_type=gallery&ga_search_query=&ref=search_grid-862546-1-1&pro=1&frs=1","Custom Watercolor Portrait drawing, Personalised Family gift for Mum, Watercolor Painting, Christmas Gift Ideas, Watercolor From Photo","Price:
        $18.77+","14","191","5 out of 5 stars"
